Status,Card page,Article or category page,Original photo retained,Displayed photo
EXISTING PHOTO,homebuyer-financing-questions.html,preapproval-vs-prequalification.html,assets/question-photos-v25/finance-preapproval-vs-prequalification.webp,assets/question-photos-v25/finance-preapproval-vs-prequalification.webp
EXISTING PHOTO,homebuyer-financing-questions.html,down-payment-needed.html,assets/photo-audit-4720/down-payment.lossless.webp,assets/photo-audit-4720/down-payment.lossless.webp
EXISTING PHOTO,homebuyer-financing-questions.html,credit-score-to-buy-home.html,assets/photo-audit-4720/credit-report.lossless.webp,assets/photo-audit-4720/credit-report.lossless.webp
UPDATED,homebuyer-financing-questions.html,what-price-range-can-i-afford.html,assets/photo-audit-4720/couple-household-finances.lossless.webp,assets/aeo-unique-photos/aeo-110.lossless.webp
EXISTING PHOTO,homebuyer-financing-questions.html,do-i-need-20-percent-down.html,assets/photo-audit-4720/conventional-loan.lossless.webp,assets/photo-audit-4720/conventional-loan.lossless.webp
EXISTING PHOTO,homebuyer-financing-questions.html,buyer-closing-costs.html,assets/photo-audit-4720/closing-costs.lossless.webp,assets/photo-audit-4720/closing-costs.lossless.webp
UPDATED,homebuyer-financing-questions.html,buying-with-student-loan-debt.html,assets/photo-audit-4720/student-loan-budget.lossless.webp,assets/aeo-unique-photos/aeo-111.lossless.webp
EXISTING PHOTO,homebuyer-financing-questions.html,preapproval-documents.html,assets/photo-audit-4720/preapproval-documents.lossless.webp,assets/photo-audit-4720/preapproval-documents.lossless.webp
EXISTING PHOTO,buyer-questions.html,buyer-question-neighborhood-fit.html,assets/buyer-seller-questions/Buyer_01_SFV_Neighborhood_Fit.jpg,assets/buyer-seller-questions/Buyer_01_SFV_Neighborhood_Fit.jpg
EXISTING PHOTO,buyer-questions.html,buyer-question-budget-by-valley-area.html,assets/buyer-seller-questions/Buyer_02_Budget_By_Valley_Area.jpg,assets/buyer-seller-questions/Buyer_02_Budget_By_Valley_Area.jpg
EXISTING PHOTO,buyer-questions.html,buyer-question-south-of-ventura-boulevard.html,assets/buyer-seller-questions/Buyer_03_South_vs_North_Ventura_Blvd.jpg,assets/buyer-seller-questions/Buyer_03_South_vs_North_Ventura_Blvd.jpg
EXISTING PHOTO,buyer-questions.html,buyer-question-porter-ranch-newer-vs-established.html,assets/buyer-seller-questions/Buyer_04_Porter_Ranch_Gated_vs_Established.jpg,assets/buyer-seller-questions/Buyer_04_Porter_Ranch_Gated_vs_Established.jpg
EXISTING PHOTO,buyer-questions.html,buyer-question-same-price-different-neighborhoods.html,assets/buyer-seller-questions/Buyer_05_Two_Homes_Same_Price_Different_Neighborhoods.jpg,assets/buyer-seller-questions/Buyer_05_Two_Homes_Same_Price_Different_Neighborhoods.jpg
EXISTING PHOTO,buyer-questions.html,buyer-question-long-time-on-market.html,assets/buyer-seller-questions/Buyer_06_Long_Time_On_Market_Negotiation.jpg,assets/buyer-seller-questions/Buyer_06_Long_Time_On_Market_Negotiation.jpg
UPDATED,buyer-questions.html,buyer-question-high-hoa-value.html,assets/photo-audit-4720/hoa-documents.lossless.webp,assets/aeo-unique-photos/aeo-112.lossless.webp
UPDATED,buyer-questions.html,buyer-question-monthly-affordability.html,assets/photo-audit-4720/monthly-affordability.lossless.webp,assets/aeo-unique-photos/aeo-113.lossless.webp
UPDATED,buyer-questions.html,buyer-question-upfront-costs.html,assets/photo-audit-4720/buyer-upfront-costs.lossless.webp,assets/aeo-unique-photos/aeo-114.lossless.webp
EXISTING PHOTO,buyer-questions.html,buyer-question-fixer-upper-worth-it.html,assets/buyer-seller-questions/Buyer_10_Fixer_Upper_Worth_It.jpg,assets/buyer-seller-questions/Buyer_10_Fixer_Upper_Worth_It.jpg
EXISTING PHOTO,buyer-questions.html,buyer-question-fast-market-offer-or-walk.html,assets/buyer-seller-questions/Buyer_11_Fast_Market_Offer_Or_Walk.jpg,assets/buyer-seller-questions/Buyer_11_Fast_Market_Offer_Or_Walk.jpg
UPDATED,buyer-questions.html,buyer-question-other-ownership-costs.html,assets/photo-audit-4720/down-payment.lossless.webp,assets/aeo-unique-photos/aeo-000.lossless.webp
EXISTING PHOTO,buyer-questions.html,buyer-question-before-you-commit.html,assets/buyer-seller-questions/Buyer_13_Before_You_Commit.jpg,assets/buyer-seller-questions/Buyer_13_Before_You_Commit.jpg
EXISTING PHOTO,loan-homebuyer-programs.html,first-time-homebuyer-programs.html,assets/remodel-v18/scene-053.webp,assets/remodel-v18/scene-053.webp
EXISTING PHOTO,loan-homebuyer-programs.html,fha-loans.html,assets/photo-audit-4720/preapproval-comparison.lossless.webp,assets/photo-audit-4720/preapproval-comparison.lossless.webp
UPDATED,loan-homebuyer-programs.html,conventional-loans.html,assets/photo-audit-4720/conventional-loan.lossless.webp,assets/aeo-unique-photos/aeo-010.lossless.webp
UPDATED,loan-homebuyer-programs.html,va-loans.html,assets/photo-audit-4720/buyer-signing.lossless.webp,assets/aeo-unique-photos/aeo-115.lossless.webp
EXISTING PHOTO,loan-homebuyer-programs.html,usda-loans.html,assets/question-photos-v25/finance-usda-loan.webp,assets/question-photos-v25/finance-usda-loan.webp
EXISTING PHOTO,loan-homebuyer-programs.html,jumbo-loans.html,assets/photo-audit-4720/financing-desk.lossless.webp,assets/photo-audit-4720/financing-desk.lossless.webp
UPDATED,loan-homebuyer-programs.html,down-payment-assistance.html,assets/photo-audit-4720/down-payment.lossless.webp,assets/aeo-unique-photos/aeo-001.lossless.webp
EXISTING PHOTO,loan-homebuyer-programs.html,closing-cost-assistance.html,assets/remodel-v18/scene-076.webp,assets/remodel-v18/scene-076.webp
UPDATED,loan-homebuyer-programs.html,bank-statement-loans.html,assets/photo-audit-4720/preapproval-documents.lossless.webp,assets/aeo-unique-photos/aeo-012.lossless.webp
EXISTING PHOTO,loan-homebuyer-programs.html,renovation-loans.html,assets/photo-audit-4720/renovation-budget.lossless.webp,assets/photo-audit-4720/renovation-budget.lossless.webp
EXISTING PHOTO,design-questions.html,design-questions/best-flooring-for-kids-and-pets.html,assets/question-photos-v25/design-floor-kids-pets.webp,assets/question-photos-v25/design-floor-kids-pets.webp
EXISTING PHOTO,design-questions.html,design-questions/easiest-flooring-to-clean.html,assets/question-photos-v25/design-floor-easiest-clean.webp,assets/question-photos-v25/design-floor-easiest-clean.webp
EXISTING PHOTO,design-questions.html,design-questions/best-accent-wall-colors.html,assets/question-photos-v25/design-accent-wall-colors.webp,assets/question-photos-v25/design-accent-wall-colors.webp
EXISTING PHOTO,design-questions.html,design-questions/best-bathroom-floor-tile.html,assets/question-photos-v25/design-bathroom-floor-tile.webp,assets/question-photos-v25/design-bathroom-floor-tile.webp
EXISTING PHOTO,design-questions.html,design-questions/where-to-shop-for-office-furniture.html,assets/question-photos-v25/design-office-furniture-stores.webp,assets/question-photos-v25/design-office-furniture-stores.webp
EXISTING PHOTO,design-questions.html,design-questions/home-office-redesign-cost.html,assets/question-photos-v25/design-home-office-cost.webp,assets/question-photos-v25/design-home-office-cost.webp
EXISTING PHOTO,design-questions.html,design-questions/budget-friendly-redesign-materials.html,assets/question-photos-v25/design-budget-friendly-materials.webp,assets/question-photos-v25/design-budget-friendly-materials.webp
EXISTING PHOTO,design-questions.html,design-questions/where-to-shop-for-home-decor.html,assets/question-photos-v25/design-room-decor-stores.webp,assets/question-photos-v25/design-room-decor-stores.webp
EXISTING PHOTO,design-questions.html,design-questions/where-to-find-paintings-and-wall-art.html,assets/question-photos-v25/design-wall-art-sources.webp,assets/question-photos-v25/design-wall-art-sources.webp
UPDATED,blog.html,blog-is-it-time-for-divorce.html,assets/full-frame-4718/quiet-reflection-full.lossless.webp,assets/blog-divorce-garden-v2.lossless.webp
EXISTING PHOTO,blog.html,blog-why-budgeting-matters.html,assets/full-frame-4718/budget-final.lossless.webp,assets/full-frame-4718/budget-final.lossless.webp
EXISTING PHOTO,blog.html,blog/studio-city-or-valley-village-which-one-should-i-choose.html,assets/blog-2026/Blog_09_Studio_City_Valley_Village.webp,assets/blog-2026/Blog_09_Studio_City_Valley_Village.webp
EXISTING PHOTO,blog.html,blog/van-nuys-or-reseda-which-one-should-i-choose.html,assets/blog-2026/Blog_10_Van_Nuys_Reseda.webp,assets/blog-2026/Blog_10_Van_Nuys_Reseda.webp
EXISTING PHOTO,blog.html,blog/is-my-property-a-good-fit-for-airbnb.html,assets/blog-2026/Blog_11_Airbnb_Fit.webp,assets/blog-2026/Blog_11_Airbnb_Fit.webp
EXISTING PHOTO,blog.html,blog/homeschool-or-public-school.html,assets/full-frame-4718/photo-0.lossless.webp,assets/full-frame-4718/photo-0.lossless.webp
EXISTING PHOTO,blog.html,blog/coffee-or-tea.html,assets/full-frame-4718/photo-1.lossless.webp,assets/full-frame-4718/photo-1.lossless.webp
EXISTING PHOTO,blog.html,blog/can-the-dodgers-do-a-threepeat.html,assets/blog-2026/Blog_04_Dodgers_Threepeat.jpg,assets/blog-2026/Blog_04_Dodgers_Threepeat.jpg
EXISTING PHOTO,blog.html,blog/football-season-is-back-does-your-team-play-at-sofi-this-year.html,assets/blog-2026/Blog_05_SoFi_Football.jpg,assets/blog-2026/Blog_05_SoFi_Football.jpg
EXISTING PHOTO,blog.html,blog/the-different-leagues-of-college-football.html,assets/full-frame-4718/college-clean.lossless.webp,assets/full-frame-4718/college-clean.lossless.webp
EXISTING PHOTO,blog.html,blog/places-to-eat-san-fernando-valley.html,assets/blog-2026/Blog_01_Places_To_Eat_Card.jpg,assets/blog-2026/Blog_01_Places_To_Eat_Card.jpg
EXISTING PHOTO,blog.html,blog/halloween-san-fernando-valley-2026.html,assets/blog-2026/Blog_02_Halloween_Activities_Card.jpg,assets/blog-2026/Blog_02_Halloween_Activities_Card.jpg
EXISTING PHOTO,blog.html,blog/trick-or-treating-san-fernando-valley-2026.html,assets/blog-2026/Blog_03_Trick_Or_Treating_Card.jpg,assets/blog-2026/Blog_03_Trick_Or_Treating_Card.jpg
EXISTING PHOTO,short-term-rental-questions.html,short-term-rental-questions/rent-occasionally-and-stay-yourself.html,assets/full-frame-4718/photo-2.lossless.webp,assets/full-frame-4718/photo-2.lossless.webp
EXISTING PHOTO,short-term-rental-questions.html,short-term-rental-questions/someone-to-look-after-house-while-away.html,assets/full-frame-4718/photo-3.lossless.webp,assets/full-frame-4718/photo-3.lossless.webp
EXISTING PHOTO,short-term-rental-questions.html,short-term-rental-questions/where-to-post-room-for-rent.html,assets/full-frame-4718/rental-final.lossless.webp,assets/full-frame-4718/rental-final.lossless.webp
EXISTING PHOTO,short-term-rental-questions.html,short-term-rental-questions/airbnb-listing-not-getting-bookings.html,assets/full-frame-4718/photo-5.lossless.webp,assets/full-frame-4718/photo-5.lossless.webp
EXISTING PHOTO,short-term-rental-questions.html,short-term-rental-questions/find-local-oversight-for-distant-rental.html,assets/full-frame-4718/photo-6.lossless.webp,assets/full-frame-4718/photo-6.lossless.webp
EXISTING PHOTO,short-term-rental-questions.html,short-term-rental-questions/protect-home-and-belongings-with-guests.html,assets/full-frame-4718/photo-7.lossless.webp,assets/full-frame-4718/photo-7.lossless.webp
EXISTING PHOTO,short-term-rental-questions.html,short-term-rental-questions/how-to-find-a-property-manager.html,assets/full-frame-4718/property-final.lossless.webp,assets/full-frame-4718/property-final.lossless.webp
UPDATED,seller-questions.html,seller-question-downsizing-how-long-to-sell.html,assets/buyer-seller-questions/Seller_01_Downsizing_How_Long_To_Sell.jpg,assets/aeo-unique-photos/aeo-116.lossless.webp
UPDATED,seller-questions.html,seller-question-net-proceeds.html,assets/full-frame-4718/seller-net-full.lossless.webp,assets/aeo-unique-photos/aeo-117.lossless.webp
UPDATED,seller-questions.html,seller-question-move-up-now-or-wait.html,assets/life-change-refresh-v1/empty-nest-card-hero.webp,assets/aeo-unique-photos/aeo-033.lossless.webp
EXISTING PHOTO,seller-questions.html,seller-question-sell-and-buy-avoid-two-homes.html,assets/buyer-seller-questions/Seller_04_Sell_And_Buy_Avoid_Two_Homes.jpg,assets/buyer-seller-questions/Seller_04_Sell_And_Buy_Avoid_Two_Homes.jpg
EXISTING PHOTO,seller-questions.html,seller-question-downsizing-before-listing.html,assets/buyer-seller-questions/Seller_05_Downsizing_Before_Listing.jpg,assets/buyer-seller-questions/Seller_05_Downsizing_Before_Listing.jpg
UPDATED,seller-questions.html,seller-question-hoa-documents-before-listing.html,assets/photo-audit-4720/hoa-documents.lossless.webp,assets/aeo-unique-photos/aeo-013.lossless.webp
EXISTING PHOTO,seller-questions.html,seller-question-preparing-to-sell-next-year.html,assets/photo-audit-4720/sale-timeline.lossless.webp,assets/photo-audit-4720/sale-timeline.lossless.webp
EXISTING PHOTO,seller-questions.html,seller-question-updates-worth-doing.html,assets/buyer-seller-questions/Seller_08_Which_Updates_Are_Worth_It.jpg,assets/buyer-seller-questions/Seller_08_Which_Updates_Are_Worth_It.jpg
UPDATED,life-changes.html,life-changes/marriage.html,assets/photo-audit-4720/couple-household-finances.lossless.webp,assets/aeo-unique-photos/aeo-002.lossless.webp
UPDATED,life-changes.html,life-changes/growing-family.html,assets/life-change-refresh-v1/growing-yard-card.webp,assets/aeo-unique-photos/aeo-047.lossless.webp
EXISTING PHOTO,life-changes.html,life-changes/relocation.html,assets/life-change-refresh-v1/relocation-card-hero.webp,assets/life-change-refresh-v1/relocation-card-hero.webp
EXISTING PHOTO,life-changes.html,life-changes/empty-nest.html,assets/life-change-refresh-v1/empty-nest-card-hero.webp,assets/life-change-refresh-v1/empty-nest-card-hero.webp
UPDATED,life-changes.html,life-changes/retirement.html,assets/photo-audit-4720/retirement-housing-budget.lossless.webp,assets/aeo-unique-photos/aeo-118.lossless.webp
UPDATED,life-changes.html,life-changes/divorce.html,assets/full-frame-4718/quiet-reflection-full.lossless.webp,assets/aeo-unique-photos/aeo-031.lossless.webp
UPDATED,life-changes.html,life-changes/death.html,assets/photo-audit-4720/estate-planning-woman.lossless.webp,assets/aeo-unique-photos/aeo-107.lossless.webp
UPDATED,life-changes/empty-nest.html,life-changes/empty-nest/should-we-downsize-now-that-our-kids-moved-out.html,assets/life-change-refresh-v1/empty-nest-card-hero.webp,assets/aeo-unique-photos/aeo-034.lossless.webp
UPDATED,life-changes/empty-nest.html,life-changes/empty-nest/is-it-worth-selling-a-big-house-just-for-two-people.html,assets/life-change-refresh-v1/empty-nest-card-hero.webp,assets/aeo-unique-photos/aeo-035.lossless.webp
UPDATED,life-changes/empty-nest.html,life-changes/empty-nest/what-should-we-do-with-all-the-extra-space-now-that-the-kids-are-gone.html,assets/question-photos-v25/empty-size-card.webp,assets/aeo-unique-photos/aeo-065.lossless.webp
UPDATED,life-changes/empty-nest.html,life-changes/empty-nest/how-much-money-can-we-save-by-downsizing-after-the-kids-leave.html,assets/life-change-refresh-v1/empty-nest-card-hero.webp,assets/aeo-unique-photos/aeo-036.lossless.webp
UPDATED,life-changes/empty-nest.html,life-changes/empty-nest/should-we-rent-out-our-kids-old-rooms-or-sell-the-house-entirely.html,assets/life-change-refresh-v1/empty-nest-card-hero.webp,assets/aeo-unique-photos/aeo-037.lossless.webp
UPDATED,life-changes/empty-nest.html,life-changes/empty-nest/what-size-house-makes-sense-for-an-empty-nester-couple.html,assets/question-photos-v25/empty-size-card.webp,assets/aeo-unique-photos/aeo-066.lossless.webp
UPDATED,life-changes/empty-nest.html,life-changes/empty-nest/is-now-a-good-time-to-sell-before-home-prices-change.html,assets/life-change-refresh-v1/empty-nest-card-hero.webp,assets/aeo-unique-photos/aeo-038.lossless.webp
EXISTING PHOTO,life-changes/empty-nest.html,life-changes/empty-nest/should-we-move-somewhere-with-less-yard-work-and-maintenance.html,assets/question-photos-v25/empty-neighborhood-card.webp,assets/question-photos-v25/empty-neighborhood-card.webp
UPDATED,life-changes/empty-nest.html,life-changes/empty-nest/can-we-afford-to-buy-a-smaller-home-outright-by-selling-our-current-one.html,assets/photo-audit-4720/retirement-planning.lossless.webp,assets/aeo-unique-photos/aeo-119.lossless.webp
UPDATED,life-changes/empty-nest.html,life-changes/empty-nest/what-are-good-empty-nester-neighborhoods-in-the-san-fernando-valley.html,assets/life-change-refresh-v1/relocation-card-hero.webp,assets/aeo-unique-photos/aeo-049.lossless.webp
UPDATED,life-changes/empty-nest.html,life-changes/empty-nest/how-do-i-know-when-it-s-time-to-leave-the-family-home.html,assets/photo-audit-4720/retirement-planning.lossless.webp,assets/aeo-unique-photos/aeo-068.lossless.webp
EXISTING PHOTO,life-changes/empty-nest.html,life-changes/empty-nest/i-don-t-need-all-this-space-anymore-what-should-i-do.html,assets/question-photos-v25/empty-size-article.webp,assets/question-photos-v25/empty-size-article.webp
EXISTING PHOTO,life-changes/empty-nest.html,life-changes/empty-nest/i-don-t-want-stairs-anymore-what-type-of-house-should-i-look-for.html,assets/question-photos-v25/empty-yard-card.webp,assets/question-photos-v25/empty-yard-card.webp
EXISTING PHOTO,life-changes/empty-nest.html,life-changes/empty-nest/i-have-a-lot-of-equity-in-my-house-should-i-use-it-to-buy-something-smaller.html,assets/article-batch-09/article-05.webp,assets/article-batch-09/article-05.webp
UPDATED,life-changes/empty-nest.html,life-changes/empty-nest/i-love-my-house-but-it-s-too-much-to-take-care-of-now.html,assets/photo-audit-4720/estate-planning-woman.lossless.webp,assets/aeo-unique-photos/aeo-055.lossless.webp
EXISTING PHOTO,life-changes/empty-nest.html,life-changes/empty-nest/is-it-actually-cheaper-to-move-to-a-smaller-house.html,assets/article-batch-09/article-08.webp,assets/article-batch-09/article-08.webp
UPDATED,life-changes/empty-nest.html,life-changes/empty-nest/my-house-is-paid-off-does-it-still-make-sense-to-move.html,assets/photo-audit-4720/retirement-planning.lossless.webp,assets/aeo-unique-photos/aeo-069.lossless.webp
EXISTING PHOTO,life-changes/empty-nest.html,life-changes/empty-nest/my-kids-are-gone-should-i-sell-the-family-house.html,assets/photo-audit-4720/refinance-review.lossless.webp,assets/photo-audit-4720/refinance-review.lossless.webp
UPDATED,life-changes/empty-nest.html,life-changes/empty-nest/my-kids-live-far-away-should-i-move-closer-to-them.html,assets/photo-audit-4720/refinance-review.lossless.webp,assets/aeo-unique-photos/aeo-072.lossless.webp
EXISTING PHOTO,life-changes/empty-nest.html,life-changes/empty-nest/my-kids-moved-out-and-now-this-house-feels-way-too-big.html,assets/photo-audit-4720/home-equity.lossless.webp,assets/photo-audit-4720/home-equity.lossless.webp
EXISTING PHOTO,life-changes/empty-nest.html,life-changes/empty-nest/should-i-buy-a-condo-now-that-my-kids-are-out-of-the-house.html,assets/question-photos-v25/empty-neighborhood-article.webp,assets/question-photos-v25/empty-neighborhood-article.webp
UPDATED,life-changes/empty-nest.html,life-changes/empty-nest/should-i-downsize-now-or-wait-a-few-years.html,assets/photo-audit-4720/retirement-housing-budget.lossless.webp,assets/aeo-unique-photos/aeo-051.lossless.webp
UPDATED,life-changes/empty-nest.html,life-changes/empty-nest/should-i-sell-now-or-wait-until-i-retire.html,assets/photo-audit-4720/retirement-housing-budget.lossless.webp,assets/aeo-unique-photos/aeo-052.lossless.webp
EXISTING PHOTO,life-changes/empty-nest.html,life-changes/empty-nest/should-i-stay-in-the-house-my-kids-grew-up-in-or-move.html,assets/question-photos-v25/empty-size-card.webp,assets/question-photos-v25/empty-size-card.webp
EXISTING PHOTO,life-changes/relocation.html,life-changes/relocation/how-do-i-sell-my-house-and-buy-a-new-one-in-a-different-city-at-the-same-time.html,assets/relocation-real-photos/relocation-photo-01.webp,assets/relocation-real-photos/relocation-photo-01.webp
UPDATED,life-changes/relocation.html,life-changes/relocation/should-i-sell-my-house-before-i-find-a-new-one-out-of-state.html,assets/photo-audit-4720/buyer-upfront-costs.lossless.webp,assets/aeo-unique-photos/aeo-022.lossless.webp
EXISTING PHOTO,life-changes/relocation.html,life-changes/relocation/how-much-does-it-cost-to-move-across-the-country-with-a-house-full-of-furniture.html,assets/relocation-real-photos/relocation-photo-03.webp,assets/relocation-real-photos/relocation-photo-03.webp
EXISTING PHOTO,life-changes/relocation.html,life-changes/relocation/can-i-buy-a-house-in-a-new-city-before-selling-my-current-one.html,assets/relocation-real-photos/relocation-photo-04.webp,assets/relocation-real-photos/relocation-photo-04.webp
UPDATED,life-changes/relocation.html,life-changes/relocation/what-should-i-know-about-moving-to-the-san-fernando-valley-from-out-of-state.html,assets/photo-audit-4720/monthly-affordability.lossless.webp,assets/aeo-unique-photos/aeo-014.lossless.webp
EXISTING PHOTO,life-changes/relocation.html,life-changes/relocation/how-do-i-find-a-good-neighborhood-in-a-city-ive-never-lived-in.html,assets/relocation-real-photos/relocation-photo-06.webp,assets/relocation-real-photos/relocation-photo-06.webp
EXISTING PHOTO,life-changes/relocation.html,life-changes/relocation/is-it-better-to-rent-or-buy-right-away-after-relocating-for-a-job.html,assets/relocation-real-photos/relocation-photo-07.webp,assets/relocation-real-photos/relocation-photo-07.webp
UPDATED,life-changes/relocation.html,life-changes/relocation/whats-a-bridge-loan-and-do-i-need-one-to-relocate.html,assets/photo-audit-4720/remote-inherited-home.lossless.webp,assets/aeo-unique-photos/aeo-123.lossless.webp
EXISTING PHOTO,life-changes/relocation.html,life-changes/relocation/how-long-does-it-typically-take-to-sell-a-house-when-relocating-for-work.html,assets/relocation-real-photos/relocation-photo-09.webp,assets/relocation-real-photos/relocation-photo-09.webp
UPDATED,life-changes/relocation.html,life-changes/relocation/should-i-use-the-same-agent-to-sell-my-old-house-and-buy-my-new-one.html,assets/photo-audit-4720/two-city-move.lossless.webp,assets/aeo-unique-photos/aeo-124.lossless.webp
UPDATED,life-changes/relocation.html,life-changes/relocation/can-a-real-estate-agent-handle-everything-while-i-m-still-out-of-state.html,assets/life-change-refresh-v1/growing-neighborhood-safety-card.webp,assets/aeo-unique-photos/aeo-083.lossless.webp
EXISTING PHOTO,life-changes/relocation.html,life-changes/relocation/can-i-buy-a-house-in-california-before-i-actually-move-there.html,assets/full-frame-4718/relocation-family-full.lossless.webp,assets/full-frame-4718/relocation-family-full.lossless.webp
UPDATED,life-changes/relocation.html,life-changes/relocation/can-i-buy-a-new-house-before-my-current-house-sells.html,assets/photo-audit-4720/couple-household-finances.lossless.webp,assets/aeo-unique-photos/aeo-003.lossless.webp
UPDATED,life-changes/relocation.html,life-changes/relocation/how-do-i-house-hunt-if-i-live-in-another-state.html,assets/question-photos-v25/divorce-card-07-keep-or-sell.webp,assets/aeo-unique-photos/aeo-087.lossless.webp
EXISTING PHOTO,life-changes/relocation.html,life-changes/relocation/i-already-moved-and-my-old-house-still-hasn-t-sold-what-do-i-do.html,assets/relocation-real-photos/relocation-photo-15.webp,assets/relocation-real-photos/relocation-photo-15.webp
UPDATED,life-changes/relocation.html,life-changes/relocation/i-don-t-know-anything-about-the-area-i-m-moving-to-where-do-i-even-start.html,assets/photo-audit-4720/estate-planning-woman.lossless.webp,assets/aeo-unique-photos/aeo-056.lossless.webp
EXISTING PHOTO,life-changes/relocation.html,life-changes/relocation/i-have-to-move-in-a-few-months-should-i-sell-my-house-now.html,assets/relocation-real-photos/relocation-photo-17.webp,assets/relocation-real-photos/relocation-photo-17.webp
UPDATED,life-changes/relocation.html,life-changes/relocation/i-just-got-a-job-in-california-how-do-i-figure-out-where-to-live.html,assets/photo-audit-4720/couple-household-finances.lossless.webp,assets/aeo-unique-photos/aeo-004.lossless.webp
EXISTING PHOTO,life-changes/relocation.html,life-changes/relocation/i-m-moving-to-the-san-fernando-valley-what-areas-should-i-look-at.html,assets/relocation-real-photos/relocation-photo-19.webp,assets/relocation-real-photos/relocation-photo-19.webp
UPDATED,life-changes/relocation.html,life-changes/relocation/i-need-to-move-fast-for-work-how-quickly-can-i-buy-a-house.html,assets/photo-audit-4720/buyer-upfront-costs.lossless.webp,assets/aeo-unique-photos/aeo-023.lossless.webp
UPDATED,life-changes/relocation.html,life-changes/relocation/my-company-gave-me-a-relocation-package-how-do-i-use-it-to-buy-a-house.html,assets/life-change-refresh-v1/growing-neighborhood-safety-card.webp,assets/aeo-unique-photos/aeo-084.lossless.webp
UPDATED,life-changes/relocation.html,life-changes/relocation/my-job-is-moving-me-and-i-have-no-idea-what-to-do-with-my-house.html,assets/relocation-real-photos/relocation-photo-22.webp,assets/aeo-unique-photos/aeo-106.lossless.webp
EXISTING PHOTO,life-changes/relocation.html,life-changes/relocation/should-i-rent-first-when-i-move-or-just-buy.html,assets/relocation-real-photos/relocation-photo-23.webp,assets/relocation-real-photos/relocation-photo-23.webp
EXISTING PHOTO,life-changes/relocation.html,life-changes/relocation/what-happens-if-i-have-to-move-before-my-house-is-ready-to-sell.html,assets/full-frame-4718/relocation-couple-full.lossless.webp,assets/full-frame-4718/relocation-couple-full.lossless.webp
EXISTING PHOTO,life-changes/relocation.html,life-changes/relocation/what-if-i-need-the-money-from-my-current-house-to-buy-the-next-one.html,assets/relocation-real-photos/relocation-photo-25.webp,assets/relocation-real-photos/relocation-photo-25.webp
UPDATED,life-changes/retirement.html,life-changes/retirement/should-i-pay-off-my-mortgage-before-i-retire.html,assets/photo-audit-4720/retirement-housing-budget.lossless.webp,assets/aeo-unique-photos/aeo-053.lossless.webp
UPDATED,life-changes/retirement.html,life-changes/retirement/can-i-afford-to-stay-in-my-house-on-a-fixed-retirement-income.html,assets/life-change-refresh-v1/empty-nest-card-hero.webp,assets/aeo-unique-photos/aeo-039.lossless.webp
EXISTING PHOTO,life-changes/retirement.html,life-changes/retirement/is-it-smart-to-downsize-right-when-i-retire.html,assets/article-batch-11/card-03.webp,assets/article-batch-11/card-03.webp
EXISTING PHOTO,life-changes/retirement.html,life-changes/retirement/should-i-sell-my-house-and-rent-instead-once-im-retired.html,assets/article-batch-11/card-04.webp,assets/article-batch-11/card-04.webp
UPDATED,life-changes/retirement.html,life-changes/retirement/what-is-a-reverse-mortgage-and-is-it-a-good-idea-for-retirees.html,assets/photo-audit-4720/retirement-housing-budget.lossless.webp,assets/aeo-unique-photos/aeo-054.lossless.webp
UPDATED,life-changes/retirement.html,life-changes/retirement/how-much-equity-should-i-have-in-my-home-before-retiring.html,assets/life-change-refresh-v1/empty-nest-card-hero.webp,assets/aeo-unique-photos/aeo-040.lossless.webp
EXISTING PHOTO,life-changes/retirement.html,life-changes/retirement/is-it-better-to-retire-in-california-or-move-somewhere-cheaper.html,assets/article-batch-11/card-07.webp,assets/article-batch-11/card-07.webp
EXISTING PHOTO,life-changes/retirement.html,life-changes/retirement/can-i-use-my-home-equity-to-fund-my-retirement.html,assets/article-batch-11/card-08.webp,assets/article-batch-11/card-08.webp
EXISTING PHOTO,life-changes/retirement.html,life-changes/retirement/should-i-move-closer-to-my-kids-or-grandkids-when-i-retire.html,assets/article-batch-11/card-09.webp,assets/article-batch-11/card-09.webp
EXISTING PHOTO,life-changes/retirement.html,life-changes/retirement/what-are-the-best-low-maintenance-homes-for-retirees.html,assets/article-batch-11/card-10.webp,assets/article-batch-11/card-10.webp
EXISTING PHOTO,life-changes/retirement.html,life-changes/retirement/can-i-afford-to-keep-my-house-after-i-stop-working.html,assets/article-batch-02/article-02.webp,assets/article-batch-02/article-02.webp
UPDATED,life-changes/retirement.html,life-changes/retirement/can-i-use-the-equity-in-my-house-to-buy-another-home.html,assets/life-change-refresh-v1/empty-nest-card-hero.webp,assets/aeo-unique-photos/aeo-041.lossless.webp
EXISTING PHOTO,life-changes/retirement.html,life-changes/retirement/i-don-t-want-to-deal-with-a-big-house-anymore-what-are-my-options.html,assets/article-batch-01/retirement-06.webp,assets/article-batch-01/retirement-06.webp
EXISTING PHOTO,life-changes/retirement.html,life-changes/retirement/i-have-a-lot-of-money-tied-up-in-my-house-what-should-i-do-with-it.html,assets/article-batch-02/article-01.webp,assets/article-batch-02/article-01.webp
UPDATED,life-changes/retirement.html,life-changes/retirement/i-m-retired-and-still-have-a-mortgage-is-that-a-bad-idea.html,assets/article-batch-02/article-03.webp,assets/aeo-unique-photos/aeo-120.lossless.webp
UPDATED,life-changes/retirement.html,life-changes/retirement/i-m-retired-can-i-still-qualify-for-a-mortgage.html,assets/photo-audit-4720/retirement-planning.lossless.webp,assets/aeo-unique-photos/aeo-070.lossless.webp
EXISTING PHOTO,life-changes/retirement.html,life-changes/retirement/i-m-retiring-soon-should-i-sell-my-house.html,assets/article-batch-01/retirement-09.webp,assets/article-batch-01/retirement-09.webp
EXISTING PHOTO,life-changes/retirement.html,life-changes/retirement/i-want-to-move-closer-to-my-kids-when-i-retire-how-do-i-plan-that.html,assets/article-batch-02/article-04.webp,assets/article-batch-02/article-04.webp
EXISTING PHOTO,life-changes/retirement.html,life-changes/retirement/is-it-cheaper-to-rent-after-retirement.html,assets/article-batch-01/retirement-02.webp,assets/article-batch-01/retirement-02.webp
EXISTING PHOTO,life-changes/retirement.html,life-changes/retirement/should-i-buy-a-one-story-home-before-i-get-older.html,assets/article-batch-01/retirement-01.webp,assets/article-batch-01/retirement-01.webp
EXISTING PHOTO,life-changes/retirement.html,life-changes/retirement/should-i-downsize-when-i-retire.html,assets/article-batch-01/retirement-07.webp,assets/article-batch-01/retirement-07.webp
UPDATED,life-changes/retirement.html,life-changes/retirement/should-i-pay-off-my-house-before-i-retire.html,assets/photo-audit-4720/refinance-review.lossless.webp,assets/aeo-unique-photos/aeo-073.lossless.webp
EXISTING PHOTO,life-changes/retirement.html,life-changes/retirement/should-i-sell-my-california-house-and-move-somewhere-cheaper.html,assets/article-batch-01/retirement-08.webp,assets/article-batch-01/retirement-08.webp
UPDATED,life-changes/retirement.html,life-changes/retirement/what-if-i-retire-and-then-realize-i-can-t-afford-my-house-anymore.html,assets/photo-audit-4720/retirement-planning.lossless.webp,assets/aeo-unique-photos/aeo-071.lossless.webp
EXISTING PHOTO,life-changes/retirement.html,life-changes/retirement/what-kind-of-house-makes-sense-as-i-get-older.html,assets/article-batch-02/article-05.webp,assets/article-batch-02/article-05.webp
UPDATED,life-changes/growing-family.html,life-changes/growing-family/how-do-i-know-when-weve-outgrown-our-house.html,assets/question-photos-v25/empty-size-card.webp,assets/aeo-unique-photos/aeo-067.lossless.webp
UPDATED,life-changes/growing-family.html,life-changes/growing-family/is-it-cheaper-to-add-on-to-our-house-or-move-to-a-bigger-one.html,assets/article-batch-04/article-04.webp,assets/aeo-unique-photos/aeo-088.lossless.webp
UPDATED,life-changes/growing-family.html,life-changes/growing-family/how-many-bedrooms-do-i-actually-need-for-two-kids.html,assets/article-batch-04/article-05.webp,assets/aeo-unique-photos/aeo-089.lossless.webp
UPDATED,life-changes/growing-family.html,life-changes/growing-family/should-we-move-before-or-after-the-baby-is-born.html,assets/photo-audit-4720/growing-family-space.lossless.webp,assets/aeo-unique-photos/aeo-125.lossless.webp
UPDATED,life-changes/growing-family.html,life-changes/growing-family/whats-the-best-school-district-for-young-kids-in-the-san-fernando-valley.html,assets/life-change-refresh-v1/growing-neighborhood-safety-card.webp,assets/aeo-unique-photos/aeo-085.lossless.webp
UPDATED,life-changes/growing-family.html,life-changes/growing-family/can-we-afford-a-bigger-house-on-one-income-if-i-stay-home-with-the-baby.html,assets/life-change-refresh-v1/growing-neighborhood-safety-card.webp,assets/aeo-unique-photos/aeo-086.lossless.webp
EXISTING PHOTO,life-changes/growing-family.html,life-changes/growing-family/is-it-worth-buying-a-house-with-a-yard-if-we-have-small-kids.html,assets/life-change-refresh-v1/growing-yard-card.webp,assets/life-change-refresh-v1/growing-yard-card.webp
UPDATED,life-changes/growing-family.html,life-changes/growing-family/how-much-does-it-cost-to-convert-a-garage-into-a-nursery-or-playroom.html,assets/photo-audit-4720/renovation-budget.lossless.webp,assets/aeo-unique-photos/aeo-028.lossless.webp
UPDATED,life-changes/growing-family.html,life-changes/growing-family/should-we-buy-a-fixer-upper-or-a-move-in-ready-home-with-a-new-baby-coming.html,assets/photo-audit-4720/renovation-budget.lossless.webp,assets/aeo-unique-photos/aeo-029.lossless.webp
EXISTING PHOTO,life-changes/growing-family.html,life-changes/growing-family/what-neighborhoods-are-safest-for-families-with-young-children.html,assets/life-change-refresh-v1/growing-neighborhood-safety-card.webp,assets/life-change-refresh-v1/growing-neighborhood-safety-card.webp
UPDATED,life-changes/marriage.html,life-changes/marriage/should-we-buy-a-house-before-or-after-getting-married.html,assets/photo-audit-4720/couple-household-finances.lossless.webp,assets/aeo-unique-photos/aeo-005.lossless.webp
UPDATED,life-changes/marriage.html,life-changes/marriage/whose-name-should-go-on-the-house-title-if-were-not-married-yet.html,assets/photo-audit-4720/buyer-signing.lossless.webp,assets/aeo-unique-photos/aeo-027.lossless.webp
UPDATED,life-changes/marriage.html,life-changes/marriage/do-we-need-to-combine-finances-before-buying-a-home-together.html,assets/photo-audit-4720/couple-household-finances.lossless.webp,assets/aeo-unique-photos/aeo-006.lossless.webp
UPDATED,life-changes/marriage.html,life-changes/marriage/what-happens-to-the-house-if-we-get-divorced-later.html,assets/life-change-refresh-v1/growing-yard-card.webp,assets/aeo-unique-photos/aeo-048.lossless.webp
UPDATED,life-changes/marriage.html,life-changes/marriage/can-two-people-buy-a-house-together-if-only-one-has-good-credit.html,assets/photo-audit-4720/couple-household-finances.lossless.webp,assets/aeo-unique-photos/aeo-007.lossless.webp
EXISTING PHOTO,life-changes/marriage.html,life-changes/marriage/is-it-better-to-buy-a-home-together-or-keep-renting-until-were-more-settled.html,assets/remodel-v18/scene-167.webp,assets/remodel-v18/scene-167.webp
UPDATED,life-changes/marriage.html,life-changes/marriage/how-do-newlyweds-afford-a-house-with-student-loan-debt.html,assets/photo-audit-4720/student-loan-budget.lossless.webp,assets/aeo-unique-photos/aeo-011.lossless.webp
UPDATED,life-changes/marriage.html,life-changes/marriage/should-we-get-a-prenup-if-were-buying-a-house-together.html,assets/life-change-refresh-v1/empty-nest-card-hero.webp,assets/aeo-unique-photos/aeo-042.lossless.webp
UPDATED,life-changes/marriage.html,life-changes/marriage/whats-a-good-starter-home-for-a-newly-married-couple.html,assets/life-change-refresh-v1/relocation-card-hero.webp,assets/aeo-unique-photos/aeo-050.lossless.webp
UPDATED,life-changes/marriage.html,life-changes/marriage/do-we-need-to-be-married-to-qualify-for-a-joint-mortgage.html,assets/remodel-v18/scene-167.webp,assets/aeo-unique-photos/aeo-090.lossless.webp
EXISTING PHOTO,life-changes/marriage.html,life-changes/marriage/buy-a-house-before-or-after-the-wedding.html,assets/article-batch-04/article-01.webp,assets/article-batch-04/article-01.webp
UPDATED,life-changes/marriage.html,life-changes/marriage/buying-a-home-together-when-one-spouse-already-owns-property.html,assets/photo-audit-4720/couple-household-finances.lossless.webp,assets/aeo-unique-photos/aeo-008.lossless.webp
EXISTING PHOTO,life-changes/marriage.html,life-changes/marriage/buying-a-house-together-when-one-spouse-has-better-credit.html,assets/article-batch-03/article-07.webp,assets/article-batch-03/article-07.webp
EXISTING PHOTO,life-changes/marriage.html,life-changes/marriage/can-married-couples-use-both-incomes-to-buy-a-house.html,assets/article-batch-03/article-08.webp,assets/article-batch-03/article-08.webp
EXISTING PHOTO,life-changes/marriage.html,life-changes/marriage/getting-married-and-need-more-space-should-you-move.html,assets/article-batch-04/article-04.webp,assets/article-batch-04/article-04.webp
EXISTING PHOTO,life-changes/marriage.html,life-changes/marriage/having-a-baby-and-need-more-space-should-you-move.html,assets/article-batch-03/article-04.webp,assets/article-batch-03/article-04.webp
EXISTING PHOTO,life-changes/marriage.html,life-changes/marriage/on-title-but-not-mortgage-what-does-it-mean.html,assets/article-batch-03/article-06.webp,assets/article-batch-03/article-06.webp
UPDATED,life-changes/marriage.html,life-changes/marriage/should-i-add-my-spouse-to-the-title-of-my-house.html,assets/photo-audit-4720/couple-household-finances.lossless.webp,assets/aeo-unique-photos/aeo-009.lossless.webp
EXISTING PHOTO,life-changes/marriage.html,life-changes/marriage/should-newlyweds-rent-or-buy-a-home.html,assets/article-batch-03/article-02.webp,assets/article-batch-03/article-02.webp
EXISTING PHOTO,life-changes/marriage.html,life-changes/marriage/should-we-buy-a-house-after-getting-married.html,assets/article-batch-02/article-10.webp,assets/article-batch-02/article-10.webp
EXISTING PHOTO,life-changes/marriage.html,life-changes/marriage/should-we-sell-both-homes-and-buy-one-together.html,assets/article-batch-04/article-09.webp,assets/article-batch-04/article-09.webp
EXISTING PHOTO,life-changes/marriage.html,life-changes/marriage/should-you-buy-a-bigger-home-before-starting-a-family.html,assets/article-batch-04/article-05.webp,assets/article-batch-04/article-05.webp
EXISTING PHOTO,life-changes/marriage.html,life-changes/marriage/what-happens-to-a-house-you-owned-before-marriage.html,assets/article-batch-04/article-03.webp,assets/article-batch-04/article-03.webp
EXISTING PHOTO,life-changes/marriage.html,life-changes/marriage/what-if-my-husband-already-owns-a-house-before-marriage.html,assets/article-batch-02/article-09.webp,assets/article-batch-02/article-09.webp
EXISTING PHOTO,life-changes/marriage.html,life-changes/marriage/what-price-range-can-we-afford-together.html,assets/article-batch-03/article-01.webp,assets/article-batch-03/article-01.webp
UPDATED,life-changes/divorce.html,life-changes/divorce/who-gets-the-house-in-a-divorce-if-both-names-are-on-the-mortgage.html,assets/photo-audit-4720/couple-planning-ahead.lossless.webp,assets/aeo-unique-photos/aeo-121.lossless.webp
EXISTING PHOTO,life-changes/divorce.html,life-changes/divorce/do-i-have-to-sell-my-house-if-im-getting-divorced.html,assets/full-frame-4718/divorce-options-full.lossless.webp,assets/full-frame-4718/divorce-options-full.lossless.webp
UPDATED,life-changes/divorce.html,life-changes/divorce/can-i-refinance-the-house-to-buy-out-my-ex-spouse.html,assets/photo-audit-4720/refinance-review.lossless.webp,assets/aeo-unique-photos/aeo-074.lossless.webp
UPDATED,life-changes/divorce.html,life-changes/divorce/how-is-home-equity-split-in-a-divorce.html,assets/photo-audit-4720/home-equity.lossless.webp,assets/aeo-unique-photos/aeo-077.lossless.webp
UPDATED,life-changes/divorce.html,life-changes/divorce/what-happens-to-the-mortgage-if-my-ex-spouse-moves-out.html,assets/photo-audit-4720/monthly-affordability.lossless.webp,assets/aeo-unique-photos/aeo-015.lossless.webp
UPDATED,life-changes/divorce.html,life-changes/divorce/can-i-afford-my-house-on-one-income-after-a-divorce.html,assets/photo-audit-4720/buyer-upfront-costs.lossless.webp,assets/aeo-unique-photos/aeo-024.lossless.webp
EXISTING PHOTO,life-changes/divorce.html,life-changes/divorce/should-i-sell-the-house-or-keep-it-during-a-divorce.html,assets/question-photos-v25/divorce-card-07-keep-or-sell.webp,assets/question-photos-v25/divorce-card-07-keep-or-sell.webp
UPDATED,life-changes/divorce.html,life-changes/divorce/how-long-do-i-have-to-sell-the-house-after-a-divorce-settlement.html,assets/photo-audit-4720/sale-timeline.lossless.webp,assets/aeo-unique-photos/aeo-044.lossless.webp
UPDATED,life-changes/divorce.html,life-changes/divorce/what-credit-score-do-i-need-to-refinance-after-a-divorce.html,assets/photo-audit-4720/refinance-review.lossless.webp,assets/aeo-unique-photos/aeo-075.lossless.webp
UPDATED,life-changes/divorce.html,life-changes/divorce/is-it-better-to-sell-the-house-before-or-after-the-divorce-is-final.html,assets/full-frame-4718/divorce-options-full.lossless.webp,assets/aeo-unique-photos/aeo-092.lossless.webp
UPDATED,life-changes/divorce.html,life-changes/divorce/can-i-buy-another-house-while-i-m-still-going-through-a-divorce.html,assets/photo-audit-4720/buyer-upfront-costs.lossless.webp,assets/aeo-unique-photos/aeo-025.lossless.webp
UPDATED,life-changes/divorce.html,life-changes/divorce/can-i-buy-my-spouse-out-of-the-house.html,assets/photo-audit-4720/monthly-affordability.lossless.webp,assets/aeo-unique-photos/aeo-016.lossless.webp
UPDATED,life-changes/divorce.html,life-changes/divorce/can-i-sell-the-house-if-my-spouse-refuses.html,assets/full-frame-4718/divorce-options-full.lossless.webp,assets/aeo-unique-photos/aeo-093.lossless.webp
UPDATED,life-changes/divorce.html,life-changes/divorce/can-my-spouse-buy-me-out-of-the-house.html,assets/photo-audit-4720/monthly-affordability.lossless.webp,assets/aeo-unique-photos/aeo-017.lossless.webp
EXISTING PHOTO,life-changes/divorce.html,life-changes/divorce/can-my-spouse-force-me-to-sell-the-house.html,assets/question-photos-v25/divorce-more-force-sale.webp,assets/question-photos-v25/divorce-more-force-sale.webp
UPDATED,life-changes/divorce.html,life-changes/divorce/do-we-have-to-sell-the-house-before-the-divorce-is-final.html,assets/photo-audit-4720/monthly-affordability.lossless.webp,assets/aeo-unique-photos/aeo-018.lossless.webp
UPDATED,life-changes/divorce.html,life-changes/divorce/how-do-i-get-my-ex-off-the-mortgage.html,assets/photo-audit-4720/monthly-affordability.lossless.webp,assets/aeo-unique-photos/aeo-019.lossless.webp
UPDATED,life-changes/divorce.html,life-changes/divorce/how-do-i-get-my-ex-off-the-title.html,assets/photo-audit-4720/home-equity.lossless.webp,assets/aeo-unique-photos/aeo-078.lossless.webp
UPDATED,life-changes/divorce.html,life-changes/divorce/how-do-we-figure-out-how-much-equity-we-have.html,assets/life-change-refresh-v1/empty-nest-card-hero.webp,assets/aeo-unique-photos/aeo-043.lossless.webp
EXISTING PHOTO,life-changes/divorce.html,life-changes/divorce/i-don-t-want-the-house-anymore-i-just-want-out-what-are-my-options.html,assets/question-photos-v25/divorce-more-want-out-options.webp,assets/question-photos-v25/divorce-more-want-out-options.webp
EXISTING PHOTO,life-changes/divorce.html,life-changes/divorce/i-m-getting-divorced-what-happens-to-the-house.html,assets/question-photos-v25/divorce-article-keep-or-sell.webp,assets/question-photos-v25/divorce-article-keep-or-sell.webp
UPDATED,life-changes/divorce.html,life-changes/divorce/i-moved-out-but-my-spouse-is-still-living-in-the-house-what-happens-now.html,assets/photo-audit-4720/home-equity.lossless.webp,assets/aeo-unique-photos/aeo-079.lossless.webp
UPDATED,life-changes/divorce.html,life-changes/divorce/i-want-to-keep-the-house-can-i.html,assets/photo-audit-4720/monthly-affordability.lossless.webp,assets/aeo-unique-photos/aeo-020.lossless.webp
UPDATED,life-changes/divorce.html,life-changes/divorce/my-divorce-is-messy-can-the-house-still-be-sold-without-making-things-worse.html,assets/full-frame-4718/divorce-options-full.lossless.webp,assets/aeo-unique-photos/aeo-094.lossless.webp
EXISTING PHOTO,life-changes/divorce.html,life-changes/divorce/my-husband-wants-to-sell-the-house-and-i-don-t-what-happens.html,assets/question-photos-v25/divorce-article-before-after-sale.webp,assets/question-photos-v25/divorce-article-before-after-sale.webp
UPDATED,life-changes/divorce.html,life-changes/divorce/my-wife-wants-to-keep-the-house-and-i-want-my-share-of-the-money.html,assets/photo-audit-4720/couple-planning-ahead.lossless.webp,assets/aeo-unique-photos/aeo-091.lossless.webp
UPDATED,life-changes/divorce.html,life-changes/divorce/should-we-wait-until-after-the-divorce-to-sell.html,assets/photo-audit-4720/sale-timeline.lossless.webp,assets/aeo-unique-photos/aeo-045.lossless.webp
UPDATED,life-changes/divorce.html,life-changes/divorce/we-agree-to-sell-the-house-but-we-don-t-agree-on-anything-else-what-do-we-do.html,assets/photo-audit-4720/estate-planning-woman.lossless.webp,assets/aeo-unique-photos/aeo-057.lossless.webp
UPDATED,life-changes/divorce.html,life-changes/divorce/we-re-getting-divorced-and-neither-one-of-us-can-afford-the-house-alone.html,assets/photo-audit-4720/buyer-upfront-costs.lossless.webp,assets/aeo-unique-photos/aeo-026.lossless.webp
UPDATED,life-changes/divorce.html,life-changes/divorce/what-happens-if-we-owe-more-on-the-house-than-it-s-worth.html,assets/photo-audit-4720/family-estate-discussion.lossless.webp,assets/aeo-unique-photos/aeo-122.lossless.webp
UPDATED,life-changes/divorce.html,life-changes/divorce/what-happens-to-the-mortgage-after-we-divorce.html,assets/photo-audit-4720/refinance-review.lossless.webp,assets/aeo-unique-photos/aeo-076.lossless.webp
UPDATED,life-changes/divorce.html,life-changes/divorce/who-gets-the-house-in-a-divorce.html,assets/photo-audit-4720/home-equity.lossless.webp,assets/aeo-unique-photos/aeo-080.lossless.webp
UPDATED,life-changes/divorce.html,life-changes/divorce/will-getting-divorced-affect-whether-i-can-qualify-for-another-mortgage.html,assets/photo-audit-4720/monthly-affordability.lossless.webp,assets/aeo-unique-photos/aeo-021.lossless.webp
UPDATED,life-changes/death.html,life-changes/death/what-do-i-do-with-my-parents-house-after-they-pass-away.html,assets/photo-audit-4720/estate-planning-woman.lossless.webp,assets/aeo-unique-photos/aeo-058.lossless.webp
UPDATED,life-changes/death.html,life-changes/death/do-i-have-to-pay-off-my-parents-mortgage-if-they-die.html,assets/photo-audit-4720/widow-records.lossless.webp,assets/aeo-unique-photos/aeo-108.lossless.webp
UPDATED,life-changes/death.html,life-changes/death/what-happens-to-our-house-if-my-spouse-dies-and-only-their-name-is-on-the-mortgage.html,assets/full-frame-4718/quiet-reflection-full.lossless.webp,assets/aeo-unique-photos/aeo-032.lossless.webp
UPDATED,life-changes/death.html,life-changes/death/can-i-keep-the-house-if-my-spouse-dies-and-i-cant-afford-the-mortgage-alone.html,assets/photo-audit-4720/widow-records.lossless.webp,assets/aeo-unique-photos/aeo-097.lossless.webp
UPDATED,life-changes/death.html,life-changes/death/do-i-have-to-refinance-the-house-after-my-spouse-passes-away.html,assets/photo-audit-4720/estate-planning-woman.lossless.webp,assets/aeo-unique-photos/aeo-059.lossless.webp
UPDATED,life-changes/death.html,life-changes/death/is-my-name-automatically-added-to-the-house-if-my-husband-or-wife-dies.html,assets/photo-audit-4720/estate-planning-woman.lossless.webp,assets/aeo-unique-photos/aeo-060.lossless.webp
UPDATED,life-changes/death.html,life-changes/death/can-i-sell-a-house-thats-still-in-probate.html,assets/photo-audit-4720/family-estate-discussion.lossless.webp,assets/aeo-unique-photos/aeo-095.lossless.webp
UPDATED,life-changes/death.html,life-changes/death/how-long-does-it-take-to-sell-an-inherited-house.html,assets/photo-audit-4720/widow-records.lossless.webp,assets/aeo-unique-photos/aeo-098.lossless.webp
UPDATED,life-changes/death.html,life-changes/death/do-i-owe-taxes-on-a-house-i-inherited.html,assets/photo-audit-4720/widow-records.lossless.webp,assets/aeo-unique-photos/aeo-099.lossless.webp
UPDATED,life-changes/death.html,life-changes/death/what-happens-to-a-house-if-the-owner-dies-without-a-will.html,assets/photo-audit-4720/estate-planning-woman.lossless.webp,assets/aeo-unique-photos/aeo-061.lossless.webp
UPDATED,life-changes/death.html,life-changes/death/should-i-sell-my-parents-house-or-rent-it-out.html,assets/photo-audit-4720/widow-records.lossless.webp,assets/aeo-unique-photos/aeo-100.lossless.webp
UPDATED,life-changes/death.html,life-changes/death/how-do-i-clean-out-and-sell-a-house-full-of-someones-belongings.html,assets/photo-audit-4720/estate-planning-woman.lossless.webp,assets/aeo-unique-photos/aeo-062.lossless.webp
UPDATED,life-changes/death.html,life-changes/death/can-siblings-force-the-sale-of-an-inherited-house.html,assets/photo-audit-4720/widow-records.lossless.webp,assets/aeo-unique-photos/aeo-101.lossless.webp
UPDATED,life-changes/death.html,life-changes/death/what-is-a-probate-sale-and-how-is-it-different-from-a-regular-home-sale.html,assets/photo-audit-4720/estate-planning-woman.lossless.webp,assets/aeo-unique-photos/aeo-063.lossless.webp
UPDATED,life-changes/death.html,life-changes/death/should-i-sell-the-house-right-away-after-losing-my-spouse-or-wait.html,assets/photo-audit-4720/widow-records.lossless.webp,assets/aeo-unique-photos/aeo-102.lossless.webp
EXISTING PHOTO,life-changes/death.html,life-changes/death/can-i-live-in-a-house-i-inherited.html,assets/question-photos-v25/death-live-in-inherited-house.webp,assets/question-photos-v25/death-live-in-inherited-house.webp
EXISTING PHOTO,life-changes/death.html,life-changes/death/do-we-have-to-go-through-probate-before-we-can-sell-the-house.html,assets/photo-audit-4720/estate-records.lossless.webp,assets/photo-audit-4720/estate-records.lossless.webp
UPDATED,life-changes/death.html,life-changes/death/how-soon-can-you-sell-a-house-after-someone-dies.html,assets/photo-audit-4720/sale-timeline.lossless.webp,assets/aeo-unique-photos/aeo-046.lossless.webp
UPDATED,life-changes/death.html,life-changes/death/i-inherited-a-house-but-i-don-t-live-anywhere-near-it.html,assets/photo-audit-4720/remote-inherited-home.lossless.webp,assets/aeo-unique-photos/aeo-082.lossless.webp
UPDATED,life-changes/death.html,life-changes/death/i-inherited-a-house-that-needs-a-lot-of-work-should-i-fix-it-or-sell-it-as-is.html,assets/photo-audit-4720/renovation-budget.lossless.webp,assets/aeo-unique-photos/aeo-030.lossless.webp
UPDATED,life-changes/death.html,life-changes/death/i-inherited-a-house-with-my-brothers-and-sisters-what-do-we-do.html,assets/photo-audit-4720/family-estate-discussion.lossless.webp,assets/aeo-unique-photos/aeo-096.lossless.webp
UPDATED,life-changes/death.html,life-changes/death/my-dad-died-and-his-name-is-still-on-the-house-can-we-sell-it.html,assets/photo-audit-4720/estate-records.lossless.webp,assets/aeo-unique-photos/aeo-104.lossless.webp
EXISTING PHOTO,life-changes/death.html,life-changes/death/my-husband-died-what-happens-to-our-house-now.html,assets/question-photos-v25/death-husband-house-now.webp,assets/question-photos-v25/death-husband-house-now.webp
EXISTING PHOTO,life-changes/death.html,life-changes/death/my-mom-died-and-i-don-t-know-if-i-should-keep-or-sell-her-house.html,assets/question-photos-v25/death-mom-keep-or-sell.webp,assets/question-photos-v25/death-mom-keep-or-sell.webp
UPDATED,life-changes/death.html,life-changes/death/my-parent-died-and-left-me-a-house-what-am-i-supposed-to-do-first.html,assets/photo-audit-4720/estate-records.lossless.webp,assets/aeo-unique-photos/aeo-105.lossless.webp
EXISTING PHOTO,life-changes/death.html,life-changes/death/my-sibling-wants-to-keep-the-house-but-i-want-to-sell-what-happens.html,assets/question-photos-v25/death-sibling-keep-i-sell.webp,assets/question-photos-v25/death-sibling-keep-i-sell.webp
UPDATED,life-changes/death.html,life-changes/death/my-spouse-died-and-i-can-t-afford-the-house-by-myself-what-can-i-do.html,assets/photo-audit-4720/widow-records.lossless.webp,assets/aeo-unique-photos/aeo-103.lossless.webp
UPDATED,life-changes/death.html,life-changes/death/my-spouse-died-and-i-don-t-want-to-leave-the-house-what-are-my-options.html,assets/photo-audit-4720/estate-planning-woman.lossless.webp,assets/aeo-unique-photos/aeo-064.lossless.webp
EXISTING PHOTO,life-changes/death.html,life-changes/death/my-wife-died-and-the-house-is-in-both-of-our-names-what-do-i-do.html,assets/question-photos-v25/death-wife-both-names.webp,assets/question-photos-v25/death-wife-both-names.webp
UPDATED,life-changes/death.html,life-changes/death/should-i-rent-out-the-house-i-inherited-or-sell-it.html,assets/photo-audit-4720/home-equity.lossless.webp,assets/aeo-unique-photos/aeo-081.lossless.webp
EXISTING PHOTO,life-changes/death.html,life-changes/death/someone-died-and-there-s-still-a-mortgage-on-the-house-what-happens.html,assets/photo-audit-4720/inherited-home-costs.lossless.webp,assets/photo-audit-4720/inherited-home-costs.lossless.webp
EXISTING PHOTO,life-changes/death.html,life-changes/death/there-s-an-entire-house-full-of-belongings-after-someone-died-where-do-i-even-.html,assets/question-photos-v25/death-belongings-where-start.webp,assets/question-photos-v25/death-belongings-where-start.webp
UPDATED,life-changes/death.html,life-changes/death/there-s-no-will-what-happens-to-the-house.html,assets/question-photos-v25/death-no-will-house.webp,assets/aeo-unique-photos/aeo-109.lossless.webp
EXISTING PHOTO,life-changes/death.html,life-changes/death/who-is-actually-allowed-to-sell-the-house-after-someone-dies.html,assets/question-photos-v25/death-who-can-sell.webp,assets/question-photos-v25/death-who-can-sell.webp
