Original PNG filename,Full-resolution lossless photo filename
assets/aeo-unique-photos/aeo-000.png,assets/aeo-unique-photos/aeo-000.lossless.webp
assets/aeo-unique-photos/aeo-001.png,assets/aeo-unique-photos/aeo-001.lossless.webp
assets/aeo-unique-photos/aeo-002.png,assets/aeo-unique-photos/aeo-002.lossless.webp
assets/aeo-unique-photos/aeo-003.png,assets/aeo-unique-photos/aeo-003.lossless.webp
assets/aeo-unique-photos/aeo-004.png,assets/aeo-unique-photos/aeo-004.lossless.webp
assets/aeo-unique-photos/aeo-005.png,assets/aeo-unique-photos/aeo-005.lossless.webp
assets/aeo-unique-photos/aeo-006.png,assets/aeo-unique-photos/aeo-006.lossless.webp
assets/aeo-unique-photos/aeo-007.png,assets/aeo-unique-photos/aeo-007.lossless.webp
assets/aeo-unique-photos/aeo-008.png,assets/aeo-unique-photos/aeo-008.lossless.webp
assets/aeo-unique-photos/aeo-009.png,assets/aeo-unique-photos/aeo-009.lossless.webp
assets/aeo-unique-photos/aeo-010.png,assets/aeo-unique-photos/aeo-010.lossless.webp
assets/aeo-unique-photos/aeo-011.png,assets/aeo-unique-photos/aeo-011.lossless.webp
assets/aeo-unique-photos/aeo-012.png,assets/aeo-unique-photos/aeo-012.lossless.webp
assets/aeo-unique-photos/aeo-013.png,assets/aeo-unique-photos/aeo-013.lossless.webp
assets/aeo-unique-photos/aeo-014.png,assets/aeo-unique-photos/aeo-014.lossless.webp
assets/aeo-unique-photos/aeo-015.png,assets/aeo-unique-photos/aeo-015.lossless.webp
assets/aeo-unique-photos/aeo-016.png,assets/aeo-unique-photos/aeo-016.lossless.webp
assets/aeo-unique-photos/aeo-017.png,assets/aeo-unique-photos/aeo-017.lossless.webp
assets/aeo-unique-photos/aeo-018.png,assets/aeo-unique-photos/aeo-018.lossless.webp
assets/aeo-unique-photos/aeo-019.png,assets/aeo-unique-photos/aeo-019.lossless.webp
assets/aeo-unique-photos/aeo-020.png,assets/aeo-unique-photos/aeo-020.lossless.webp
assets/aeo-unique-photos/aeo-021.png,assets/aeo-unique-photos/aeo-021.lossless.webp
assets/aeo-unique-photos/aeo-022.png,assets/aeo-unique-photos/aeo-022.lossless.webp
assets/aeo-unique-photos/aeo-023.png,assets/aeo-unique-photos/aeo-023.lossless.webp
assets/aeo-unique-photos/aeo-024.png,assets/aeo-unique-photos/aeo-024.lossless.webp
assets/aeo-unique-photos/aeo-025.png,assets/aeo-unique-photos/aeo-025.lossless.webp
assets/aeo-unique-photos/aeo-026.png,assets/aeo-unique-photos/aeo-026.lossless.webp
assets/aeo-unique-photos/aeo-027.png,assets/aeo-unique-photos/aeo-027.lossless.webp
assets/aeo-unique-photos/aeo-028.png,assets/aeo-unique-photos/aeo-028.lossless.webp
assets/aeo-unique-photos/aeo-029.png,assets/aeo-unique-photos/aeo-029.lossless.webp
assets/aeo-unique-photos/aeo-030.png,assets/aeo-unique-photos/aeo-030.lossless.webp
assets/aeo-unique-photos/aeo-031.png,assets/aeo-unique-photos/aeo-031.lossless.webp
assets/aeo-unique-photos/aeo-032.png,assets/aeo-unique-photos/aeo-032.lossless.webp
assets/aeo-unique-photos/aeo-033.png,assets/aeo-unique-photos/aeo-033.lossless.webp
assets/aeo-unique-photos/aeo-034.png,assets/aeo-unique-photos/aeo-034.lossless.webp
assets/aeo-unique-photos/aeo-035.png,assets/aeo-unique-photos/aeo-035.lossless.webp
assets/aeo-unique-photos/aeo-036.png,assets/aeo-unique-photos/aeo-036.lossless.webp
assets/aeo-unique-photos/aeo-037.png,assets/aeo-unique-photos/aeo-037.lossless.webp
assets/aeo-unique-photos/aeo-038.png,assets/aeo-unique-photos/aeo-038.lossless.webp
assets/aeo-unique-photos/aeo-039.png,assets/aeo-unique-photos/aeo-039.lossless.webp
assets/aeo-unique-photos/aeo-040.png,assets/aeo-unique-photos/aeo-040.lossless.webp
assets/aeo-unique-photos/aeo-041.png,assets/aeo-unique-photos/aeo-041.lossless.webp
assets/aeo-unique-photos/aeo-042.png,assets/aeo-unique-photos/aeo-042.lossless.webp
assets/aeo-unique-photos/aeo-043.png,assets/aeo-unique-photos/aeo-043.lossless.webp
assets/aeo-unique-photos/aeo-044.png,assets/aeo-unique-photos/aeo-044.lossless.webp
assets/aeo-unique-photos/aeo-045.png,assets/aeo-unique-photos/aeo-045.lossless.webp
assets/aeo-unique-photos/aeo-046.png,assets/aeo-unique-photos/aeo-046.lossless.webp
assets/aeo-unique-photos/aeo-047.png,assets/aeo-unique-photos/aeo-047.lossless.webp
assets/aeo-unique-photos/aeo-048.png,assets/aeo-unique-photos/aeo-048.lossless.webp
assets/aeo-unique-photos/aeo-049.png,assets/aeo-unique-photos/aeo-049.lossless.webp
assets/aeo-unique-photos/aeo-050.png,assets/aeo-unique-photos/aeo-050.lossless.webp
assets/aeo-unique-photos/aeo-051.png,assets/aeo-unique-photos/aeo-051.lossless.webp
assets/aeo-unique-photos/aeo-052.png,assets/aeo-unique-photos/aeo-052.lossless.webp
assets/aeo-unique-photos/aeo-053.png,assets/aeo-unique-photos/aeo-053.lossless.webp
assets/aeo-unique-photos/aeo-054.png,assets/aeo-unique-photos/aeo-054.lossless.webp
assets/aeo-unique-photos/aeo-055.png,assets/aeo-unique-photos/aeo-055.lossless.webp
assets/aeo-unique-photos/aeo-056.png,assets/aeo-unique-photos/aeo-056.lossless.webp
assets/aeo-unique-photos/aeo-057.png,assets/aeo-unique-photos/aeo-057.lossless.webp
assets/aeo-unique-photos/aeo-058.png,assets/aeo-unique-photos/aeo-058.lossless.webp
assets/aeo-unique-photos/aeo-059.png,assets/aeo-unique-photos/aeo-059.lossless.webp
assets/aeo-unique-photos/aeo-060.png,assets/aeo-unique-photos/aeo-060.lossless.webp
assets/aeo-unique-photos/aeo-061.png,assets/aeo-unique-photos/aeo-061.lossless.webp
assets/aeo-unique-photos/aeo-062.png,assets/aeo-unique-photos/aeo-062.lossless.webp
assets/aeo-unique-photos/aeo-063.png,assets/aeo-unique-photos/aeo-063.lossless.webp
assets/aeo-unique-photos/aeo-064.png,assets/aeo-unique-photos/aeo-064.lossless.webp
assets/aeo-unique-photos/aeo-065.png,assets/aeo-unique-photos/aeo-065.lossless.webp
assets/aeo-unique-photos/aeo-066.png,assets/aeo-unique-photos/aeo-066.lossless.webp
assets/aeo-unique-photos/aeo-067.png,assets/aeo-unique-photos/aeo-067.lossless.webp
assets/aeo-unique-photos/aeo-068.png,assets/aeo-unique-photos/aeo-068.lossless.webp
assets/aeo-unique-photos/aeo-069.png,assets/aeo-unique-photos/aeo-069.lossless.webp
assets/aeo-unique-photos/aeo-070.png,assets/aeo-unique-photos/aeo-070.lossless.webp
assets/aeo-unique-photos/aeo-071.png,assets/aeo-unique-photos/aeo-071.lossless.webp
assets/aeo-unique-photos/aeo-072.png,assets/aeo-unique-photos/aeo-072.lossless.webp
assets/aeo-unique-photos/aeo-073.png,assets/aeo-unique-photos/aeo-073.lossless.webp
assets/aeo-unique-photos/aeo-074.png,assets/aeo-unique-photos/aeo-074.lossless.webp
assets/aeo-unique-photos/aeo-075.png,assets/aeo-unique-photos/aeo-075.lossless.webp
assets/aeo-unique-photos/aeo-076.png,assets/aeo-unique-photos/aeo-076.lossless.webp
assets/aeo-unique-photos/aeo-077.png,assets/aeo-unique-photos/aeo-077.lossless.webp
assets/aeo-unique-photos/aeo-078.png,assets/aeo-unique-photos/aeo-078.lossless.webp
assets/aeo-unique-photos/aeo-079.png,assets/aeo-unique-photos/aeo-079.lossless.webp
assets/aeo-unique-photos/aeo-080.png,assets/aeo-unique-photos/aeo-080.lossless.webp
assets/aeo-unique-photos/aeo-081.png,assets/aeo-unique-photos/aeo-081.lossless.webp
assets/aeo-unique-photos/aeo-082.png,assets/aeo-unique-photos/aeo-082.lossless.webp
assets/aeo-unique-photos/aeo-083.png,assets/aeo-unique-photos/aeo-083.lossless.webp
assets/aeo-unique-photos/aeo-084.png,assets/aeo-unique-photos/aeo-084.lossless.webp
assets/aeo-unique-photos/aeo-085.png,assets/aeo-unique-photos/aeo-085.lossless.webp
assets/aeo-unique-photos/aeo-086.png,assets/aeo-unique-photos/aeo-086.lossless.webp
assets/aeo-unique-photos/aeo-087.png,assets/aeo-unique-photos/aeo-087.lossless.webp
assets/aeo-unique-photos/aeo-088.png,assets/aeo-unique-photos/aeo-088.lossless.webp
assets/aeo-unique-photos/aeo-089.png,assets/aeo-unique-photos/aeo-089.lossless.webp
assets/aeo-unique-photos/aeo-090.png,assets/aeo-unique-photos/aeo-090.lossless.webp
assets/aeo-unique-photos/aeo-091.png,assets/aeo-unique-photos/aeo-091.lossless.webp
assets/aeo-unique-photos/aeo-092.png,assets/aeo-unique-photos/aeo-092.lossless.webp
assets/aeo-unique-photos/aeo-093.png,assets/aeo-unique-photos/aeo-093.lossless.webp
assets/aeo-unique-photos/aeo-094.png,assets/aeo-unique-photos/aeo-094.lossless.webp
assets/aeo-unique-photos/aeo-095.png,assets/aeo-unique-photos/aeo-095.lossless.webp
assets/aeo-unique-photos/aeo-096.png,assets/aeo-unique-photos/aeo-096.lossless.webp
assets/aeo-unique-photos/aeo-097.png,assets/aeo-unique-photos/aeo-097.lossless.webp
assets/aeo-unique-photos/aeo-098.png,assets/aeo-unique-photos/aeo-098.lossless.webp
assets/aeo-unique-photos/aeo-099.png,assets/aeo-unique-photos/aeo-099.lossless.webp
assets/aeo-unique-photos/aeo-100.png,assets/aeo-unique-photos/aeo-100.lossless.webp
assets/aeo-unique-photos/aeo-101.png,assets/aeo-unique-photos/aeo-101.lossless.webp
assets/aeo-unique-photos/aeo-102.png,assets/aeo-unique-photos/aeo-102.lossless.webp
assets/aeo-unique-photos/aeo-103.png,assets/aeo-unique-photos/aeo-103.lossless.webp
assets/aeo-unique-photos/aeo-104.png,assets/aeo-unique-photos/aeo-104.lossless.webp
assets/aeo-unique-photos/aeo-105.png,assets/aeo-unique-photos/aeo-105.lossless.webp
assets/aeo-unique-photos/aeo-106.png,assets/aeo-unique-photos/aeo-106.lossless.webp
assets/aeo-unique-photos/aeo-107.png,assets/aeo-unique-photos/aeo-107.lossless.webp
assets/aeo-unique-photos/aeo-108.png,assets/aeo-unique-photos/aeo-108.lossless.webp
assets/aeo-unique-photos/aeo-109.png,assets/aeo-unique-photos/aeo-109.lossless.webp
assets/aeo-unique-photos/aeo-110.png,assets/aeo-unique-photos/aeo-110.lossless.webp
assets/aeo-unique-photos/aeo-111.png,assets/aeo-unique-photos/aeo-111.lossless.webp
assets/aeo-unique-photos/aeo-112.png,assets/aeo-unique-photos/aeo-112.lossless.webp
assets/aeo-unique-photos/aeo-113.png,assets/aeo-unique-photos/aeo-113.lossless.webp
assets/aeo-unique-photos/aeo-114.png,assets/aeo-unique-photos/aeo-114.lossless.webp
assets/aeo-unique-photos/aeo-115.png,assets/aeo-unique-photos/aeo-115.lossless.webp
assets/aeo-unique-photos/aeo-116.png,assets/aeo-unique-photos/aeo-116.lossless.webp
assets/aeo-unique-photos/aeo-117.png,assets/aeo-unique-photos/aeo-117.lossless.webp
assets/aeo-unique-photos/aeo-118.png,assets/aeo-unique-photos/aeo-118.lossless.webp
assets/aeo-unique-photos/aeo-119.png,assets/aeo-unique-photos/aeo-119.lossless.webp
assets/aeo-unique-photos/aeo-120.png,assets/aeo-unique-photos/aeo-120.lossless.webp
assets/aeo-unique-photos/aeo-121.png,assets/aeo-unique-photos/aeo-121.lossless.webp
assets/aeo-unique-photos/aeo-122.png,assets/aeo-unique-photos/aeo-122.lossless.webp
assets/aeo-unique-photos/aeo-123.png,assets/aeo-unique-photos/aeo-123.lossless.webp
assets/aeo-unique-photos/aeo-124.png,assets/aeo-unique-photos/aeo-124.lossless.webp
assets/aeo-unique-photos/aeo-125.png,assets/aeo-unique-photos/aeo-125.lossless.webp
assets/benefit-guidance.png,assets/benefit-guidance.lossless.webp
assets/benefit-local.png,assets/benefit-local.lossless.webp
assets/benefit-network.png,assets/benefit-network.lossless.webp
assets/blog-divorce-garden-v2.png,assets/blog-divorce-garden-v2.lossless.webp
assets/buy-with-dominique-process-approved-mobile.png,assets/buy-with-dominique-process-approved-mobile.lossless.webp
assets/buy-with-dominique-process-approved.png,assets/buy-with-dominique-process-approved.lossless.webp
assets/buy-with-dominique-process.png,assets/buy-with-dominique-process.lossless.webp
assets/buy-with-dominique-reach-approved-clean.png,assets/buy-with-dominique-reach-approved-clean.lossless.webp
assets/buy-with-dominique-reach-approved-mobile-a.png,assets/buy-with-dominique-reach-approved-mobile-a.lossless.webp
assets/buy-with-dominique-reach-approved-mobile-b.png,assets/buy-with-dominique-reach-approved-mobile-b.lossless.webp
assets/buy-with-dominique-reach-approved-mobile.png,assets/buy-with-dominique-reach-approved-mobile.lossless.webp
assets/buy-with-dominique-reach-approved.png,assets/buy-with-dominique-reach-approved.lossless.webp
assets/buy-with-dominique-reach.png,assets/buy-with-dominique-reach.lossless.webp
assets/buy-with-dominique-stats-approved-mobile-a.png,assets/buy-with-dominique-stats-approved-mobile-a.lossless.webp
assets/buy-with-dominique-stats-approved-mobile-b.png,assets/buy-with-dominique-stats-approved-mobile-b.lossless.webp
assets/buy-with-dominique-stats-approved-mobile.png,assets/buy-with-dominique-stats-approved-mobile.lossless.webp
assets/buy-with-dominique-stats-approved.png,assets/buy-with-dominique-stats-approved.lossless.webp
assets/buy-with-dominique-stats.png,assets/buy-with-dominique-stats.lossless.webp
assets/cities/burbank.png,assets/cities/burbank.lossless.webp
assets/cities/canoga-park.png,assets/cities/canoga-park.lossless.webp
assets/cities/chatsworth.png,assets/cities/chatsworth.lossless.webp
assets/cities/encino.png,assets/cities/encino.lossless.webp
assets/cities/granada-hills.png,assets/cities/granada-hills.lossless.webp
assets/cities/mission-hills.png,assets/cities/mission-hills.lossless.webp
assets/cities/north-hollywood.png,assets/cities/north-hollywood.lossless.webp
assets/cities/northridge.png,assets/cities/northridge.lossless.webp
assets/cities/pacoima.png,assets/cities/pacoima.lossless.webp
assets/cities/porter-ranch.png,assets/cities/porter-ranch.lossless.webp
assets/cities/reseda.png,assets/cities/reseda.lossless.webp
assets/cities/san-fernando.png,assets/cities/san-fernando.lossless.webp
assets/cities/sherman-oaks.png,assets/cities/sherman-oaks.lossless.webp
assets/cities/studio-city.png,assets/cities/studio-city.lossless.webp
assets/cities/sun-valley.png,assets/cities/sun-valley.lossless.webp
assets/cities/sunland.png,assets/cities/sunland.lossless.webp
assets/cities/tarzana.png,assets/cities/tarzana.lossless.webp
assets/cities/toluca-lake.png,assets/cities/toluca-lake.lossless.webp
assets/cities/tujunga.png,assets/cities/tujunga.lossless.webp
assets/cities/valley-glen.png,assets/cities/valley-glen.lossless.webp
assets/cities/valley-village.png,assets/cities/valley-village.lossless.webp
assets/cities/van-nuys.png,assets/cities/van-nuys.lossless.webp
assets/cities/west-hills.png,assets/cities/west-hills.lossless.webp
assets/cities/winnetka.png,assets/cities/winnetka.lossless.webp
assets/cities/woodland-hills.png,assets/cities/woodland-hills.lossless.webp
assets/dominique-link-preview-v43.png,assets/dominique-link-preview-v43.lossless.webp
assets/equal-housing-realtor.png,assets/equal-housing-realtor.lossless.webp
assets/full-frame-4718/budget-final.png,assets/full-frame-4718/budget-final.lossless.webp
assets/full-frame-4718/college-clean.png,assets/full-frame-4718/college-clean.lossless.webp
assets/full-frame-4718/divorce-options-full.png,assets/full-frame-4718/divorce-options-full.lossless.webp
assets/full-frame-4718/outright-full.png,assets/full-frame-4718/outright-full.lossless.webp
assets/full-frame-4718/photo-0.png,assets/full-frame-4718/photo-0.lossless.webp
assets/full-frame-4718/photo-1.png,assets/full-frame-4718/photo-1.lossless.webp
assets/full-frame-4718/photo-2.png,assets/full-frame-4718/photo-2.lossless.webp
assets/full-frame-4718/photo-3.png,assets/full-frame-4718/photo-3.lossless.webp
assets/full-frame-4718/photo-5.png,assets/full-frame-4718/photo-5.lossless.webp
assets/full-frame-4718/photo-6.png,assets/full-frame-4718/photo-6.lossless.webp
assets/full-frame-4718/photo-7.png,assets/full-frame-4718/photo-7.lossless.webp
assets/full-frame-4718/property-final.png,assets/full-frame-4718/property-final.lossless.webp
assets/full-frame-4718/quiet-reflection-full.png,assets/full-frame-4718/quiet-reflection-full.lossless.webp
assets/full-frame-4718/relocation-couple-full.png,assets/full-frame-4718/relocation-couple-full.lossless.webp
assets/full-frame-4718/relocation-family-full.png,assets/full-frame-4718/relocation-family-full.lossless.webp
assets/full-frame-4718/rental-final.png,assets/full-frame-4718/rental-final.lossless.webp
assets/full-frame-4718/seller-net-full.png,assets/full-frame-4718/seller-net-full.lossless.webp
assets/full-frame-4718/settlement-full.png,assets/full-frame-4718/settlement-full.lossless.webp
assets/full-frame-4718/va-loan-full.png,assets/full-frame-4718/va-loan-full.lossless.webp
assets/life-changes-audit-photos/a_bright_modern_realistic_photo_of_a_family_ente.png,assets/life-changes-audit-photos/a_bright_modern_realistic_photo_of_a_family_ente.lossless.webp
assets/life-changes-audit-photos/a_bright_well_lit_indoor_scene_of_a_family_in_a_h.png,assets/life-changes-audit-photos/a_bright_well_lit_indoor_scene_of_a_family_in_a_h.lossless.webp
assets/life-changes-audit-photos/a_joyful_new_homecoming.png,assets/life-changes-audit-photos/a_joyful_new_homecoming.lossless.webp
assets/life-changes-audit-photos/a_realistic_high_resolution_outdoor_park_scene_in.png,assets/life-changes-audit-photos/a_realistic_high_resolution_outdoor_park_scene_in.lossless.webp
assets/life-changes-audit-photos/a_warm_realistic_indoor_family_moving_home_scene.png,assets/life-changes-audit-photos/a_warm_realistic_indoor_family_moving_home_scene.lossless.webp
assets/life-changes-audit-photos/a_warm_realistic_outdoor_homefront_scene_a_famil.png,assets/life-changes-audit-photos/a_warm_realistic_outdoor_homefront_scene_a_famil.lossless.webp
assets/life-changes-audit-photos/contemplating_property_and_family_legacy.png,assets/life-changes-audit-photos/contemplating_property_and_family_legacy.lossless.webp
assets/life-changes-audit-photos/couple_touring_a_sunlit_modern_home.png,assets/life-changes-audit-photos/couple_touring_a_sunlit_modern_home.lossless.webp
assets/life-changes-audit-photos/family_documents_at_the_table.png,assets/life-changes-audit-photos/family_documents_at_the_table.lossless.webp
assets/life-changes-audit-photos/family_planning_at_the_kitchen_island.png,assets/life-changes-audit-photos/family_planning_at_the_kitchen_island.lossless.webp
assets/life-changes-audit-photos/reviewing_retirement_savings_at_home.png,assets/life-changes-audit-photos/reviewing_retirement_savings_at_home.lossless.webp
assets/life-changes-audit-photos/thoughtful_paperwork_in_warm_light.png,assets/life-changes-audit-photos/thoughtful_paperwork_in_warm_light.lossless.webp
assets/marketing-original/social-sharing.png,assets/marketing-original/social-sharing.lossless.webp
assets/photo-audit-4720/buyer-signing.png,assets/photo-audit-4720/buyer-signing.lossless.webp
assets/photo-audit-4720/buyer-upfront-costs.png,assets/photo-audit-4720/buyer-upfront-costs.lossless.webp
assets/photo-audit-4720/city-burbank.png,assets/photo-audit-4720/city-burbank.lossless.webp
assets/photo-audit-4720/city-canoga-park.png,assets/photo-audit-4720/city-canoga-park.lossless.webp
assets/photo-audit-4720/city-chatsworth.png,assets/photo-audit-4720/city-chatsworth.lossless.webp
assets/photo-audit-4720/city-encino.png,assets/photo-audit-4720/city-encino.lossless.webp
assets/photo-audit-4720/city-granada-hills.png,assets/photo-audit-4720/city-granada-hills.lossless.webp
assets/photo-audit-4720/city-mission-hills.png,assets/photo-audit-4720/city-mission-hills.lossless.webp
assets/photo-audit-4720/city-north-hollywood.png,assets/photo-audit-4720/city-north-hollywood.lossless.webp
assets/photo-audit-4720/city-northridge.png,assets/photo-audit-4720/city-northridge.lossless.webp
assets/photo-audit-4720/city-pacoima.png,assets/photo-audit-4720/city-pacoima.lossless.webp
assets/photo-audit-4720/city-porter-ranch.png,assets/photo-audit-4720/city-porter-ranch.lossless.webp
assets/photo-audit-4720/city-san-fernando.png,assets/photo-audit-4720/city-san-fernando.lossless.webp
assets/photo-audit-4720/city-sherman-oaks.png,assets/photo-audit-4720/city-sherman-oaks.lossless.webp
assets/photo-audit-4720/city-studio-city.png,assets/photo-audit-4720/city-studio-city.lossless.webp
assets/photo-audit-4720/city-sun-valley.png,assets/photo-audit-4720/city-sun-valley.lossless.webp
assets/photo-audit-4720/city-sunland.png,assets/photo-audit-4720/city-sunland.lossless.webp
assets/photo-audit-4720/city-tarzana.png,assets/photo-audit-4720/city-tarzana.lossless.webp
assets/photo-audit-4720/city-toluca-lake.png,assets/photo-audit-4720/city-toluca-lake.lossless.webp
assets/photo-audit-4720/city-tujunga.png,assets/photo-audit-4720/city-tujunga.lossless.webp
assets/photo-audit-4720/city-valley-glen.png,assets/photo-audit-4720/city-valley-glen.lossless.webp
assets/photo-audit-4720/city-valley-village.png,assets/photo-audit-4720/city-valley-village.lossless.webp
assets/photo-audit-4720/city-van-nuys.png,assets/photo-audit-4720/city-van-nuys.lossless.webp
assets/photo-audit-4720/city-west-hills.png,assets/photo-audit-4720/city-west-hills.lossless.webp
assets/photo-audit-4720/city-woodland-hills.png,assets/photo-audit-4720/city-woodland-hills.lossless.webp
assets/photo-audit-4720/closing-costs.png,assets/photo-audit-4720/closing-costs.lossless.webp
assets/photo-audit-4720/conventional-loan.png,assets/photo-audit-4720/conventional-loan.lossless.webp
assets/photo-audit-4720/couple-household-finances.png,assets/photo-audit-4720/couple-household-finances.lossless.webp
assets/photo-audit-4720/couple-planning-ahead.png,assets/photo-audit-4720/couple-planning-ahead.lossless.webp
assets/photo-audit-4720/credit-report.png,assets/photo-audit-4720/credit-report.lossless.webp
assets/photo-audit-4720/down-payment.png,assets/photo-audit-4720/down-payment.lossless.webp
assets/photo-audit-4720/estate-planning-woman.png,assets/photo-audit-4720/estate-planning-woman.lossless.webp
assets/photo-audit-4720/estate-records.png,assets/photo-audit-4720/estate-records.lossless.webp
assets/photo-audit-4720/family-estate-discussion.png,assets/photo-audit-4720/family-estate-discussion.lossless.webp
assets/photo-audit-4720/financing-desk.png,assets/photo-audit-4720/financing-desk.lossless.webp
assets/photo-audit-4720/growing-family-space.png,assets/photo-audit-4720/growing-family-space.lossless.webp
assets/photo-audit-4720/hoa-documents.png,assets/photo-audit-4720/hoa-documents.lossless.webp
assets/photo-audit-4720/home-equity.png,assets/photo-audit-4720/home-equity.lossless.webp
assets/photo-audit-4720/inherited-home-costs.png,assets/photo-audit-4720/inherited-home-costs.lossless.webp
assets/photo-audit-4720/monthly-affordability.png,assets/photo-audit-4720/monthly-affordability.lossless.webp
assets/photo-audit-4720/preapproval-comparison.png,assets/photo-audit-4720/preapproval-comparison.lossless.webp
assets/photo-audit-4720/preapproval-documents.png,assets/photo-audit-4720/preapproval-documents.lossless.webp
assets/photo-audit-4720/refinance-review.png,assets/photo-audit-4720/refinance-review.lossless.webp
assets/photo-audit-4720/relocation-costs.png,assets/photo-audit-4720/relocation-costs.lossless.webp
assets/photo-audit-4720/remote-inherited-home.png,assets/photo-audit-4720/remote-inherited-home.lossless.webp
assets/photo-audit-4720/renovation-budget.png,assets/photo-audit-4720/renovation-budget.lossless.webp
assets/photo-audit-4720/retirement-housing-budget.png,assets/photo-audit-4720/retirement-housing-budget.lossless.webp
assets/photo-audit-4720/retirement-planning.png,assets/photo-audit-4720/retirement-planning.lossless.webp
assets/photo-audit-4720/sale-timeline.png,assets/photo-audit-4720/sale-timeline.lossless.webp
assets/photo-audit-4720/student-loan-budget.png,assets/photo-audit-4720/student-loan-budget.lossless.webp
assets/photo-audit-4720/two-city-move.png,assets/photo-audit-4720/two-city-move.lossless.webp
assets/photo-audit-4720/widow-records.png,assets/photo-audit-4720/widow-records.lossless.webp
assets/platform-circles-v34/airbnb.png,assets/platform-circles-v34/airbnb.lossless.webp
assets/platform-circles-v34/booking.png,assets/platform-circles-v34/booking.lossless.webp
assets/platform-circles-v34/furnished-finder.png,assets/platform-circles-v34/furnished-finder.lossless.webp
assets/platform-circles-v34/vrbo.png,assets/platform-circles-v34/vrbo.lossless.webp
assets/proc-benefits.png,assets/proc-benefits.lossless.webp
assets/proc-copy.png,assets/proc-copy.lossless.webp
assets/proc-wheel.png,assets/proc-wheel.lossless.webp
assets/reach-families-shape.png,assets/reach-families-shape.lossless.webp
assets/reach-families.png,assets/reach-families.lossless.webp
assets/reach-hq-shape.png,assets/reach-hq-shape.lossless.webp
assets/reach-hq.png,assets/reach-hq.lossless.webp
assets/reach-la-team-shape.png,assets/reach-la-team-shape.lossless.webp
assets/reach-la-team.png,assets/reach-la-team.lossless.webp
assets/reach-left.png,assets/reach-left.lossless.webp
assets/reach-local-shape.png,assets/reach-local-shape.lossless.webp
assets/reach-local.png,assets/reach-local.lossless.webp
assets/reach-mobile-title.png,assets/reach-mobile-title.lossless.webp
assets/reach-right.png,assets/reach-right.lossless.webp
assets/reach-title.png,assets/reach-title.lossless.webp
assets/refinement-v24/affordability.png,assets/refinement-v24/affordability.lossless.webp
assets/refinement-v24/buyer-consultation-side.png,assets/refinement-v24/buyer-consultation-side.lossless.webp
assets/refinement-v24/closing-costs.png,assets/refinement-v24/closing-costs.lossless.webp
assets/refinement-v24/credit-review.png,assets/refinement-v24/credit-review.lossless.webp
assets/refinement-v24/digital-advertising.png,assets/refinement-v24/digital-advertising.lossless.webp
assets/refinement-v24/documents.png,assets/refinement-v24/documents.lossless.webp
assets/refinement-v24/dominique-cream-suit.png,assets/refinement-v24/dominique-cream-suit.lossless.webp
assets/refinement-v24/down-payment.png,assets/refinement-v24/down-payment.lossless.webp
assets/refinement-v24/preapproval.png,assets/refinement-v24/preapproval.lossless.webp
assets/refinement-v24/seller-consultation-side.png,assets/refinement-v24/seller-consultation-side.lossless.webp
assets/refinement-v24/student-loan.png,assets/refinement-v24/student-loan.lossless.webp
assets/refinement-v24/twenty-percent.png,assets/refinement-v24/twenty-percent.lossless.webp
assets/rise-logo.png,assets/rise-logo.lossless.webp
assets/stats-location.png,assets/stats-location.lossless.webp
assets/stats-sales.png,assets/stats-sales.lossless.webp
assets/stats-trust.png,assets/stats-trust.lossless.webp
assets/sun-sage-key.png,assets/sun-sage-key.lossless.webp
